Workbook

Sheet Pivot Table Industry
A3: Row Labels | B3: Count of Industry
A4: Automobile | B4: 83
A5: Education | B5: 92
A6: Food & Restaurant | B6: 103
A7: Real Estate | B7: 74
A8: Grand Total | B8: 352

Sheet Pivot Table Ad Type
A3: Row Labels | B3: Count of Ad Type
A4: Carousel | B4: 96
A5: Image | B5: 94
A6: Video | B6: 162
A7: Grand Total | B7: 352

Sheet Data Validation
A1: Variable | B1: Minimum | C1: Maximum
A2: Reach | B2: =MIN(Sheet1!D:D) -> 5635 | C2: =MAX(Sheet1!D:D) -> 24999
A3: Impressions | B3: =MIN(Sheet1!E:E) -> 13029 | C3: =MAX(Sheet1!E:E) -> 44621
A4: Clicks | B4: =MIN(Sheet1!F:F) -> 165 | C4: =MAX(Sheet1!F:F) -> 1970
A5: Amount Spent | B5: =MIN(Sheet1!G:G) -> 664.74 | C5: =MAX(Sheet1!G:G) -> 7737.24
A6: CTR | B6: =MIN(Sheet1!H:H) -> 0.50910213 | C6: =MAX(Sheet1!H:H) -> 9.3665641
A7: CPC | B7: =MIN(Sheet1!I:I) -> 0.46935974 | C7: =MAX(Sheet1!I:I) -> 40.985119
A8: CPM | B8: =MIN(Sheet1!J:J) -> 25.020009 | C8: =MAX(Sheet1!J:J) -> 249.7702
A9: Conversions | B9: =MIN(Sheet1!K:K) -> 0 | C9: =MAX(Sheet1!K:K) -> 209

Sheet Sheet1
A1: Industry | B1: Month | C1: Ad Type | D1: Reach | E1: Impressions | F1: Clicks | G1: Amount Spent (INR) | H1: CTR (%) | I1: CPC (INR) | J1: CPM (INR) | K1: Conversions
A2: Education | B2: January | C2: Carousel | D2: 17763 | E2: 30759 | F2: 759 | G2: 1619.77 | H2: =F2/E2*100 -> 2.4675705 | I2: =G2/F2 -> 2.1340843 | J2: =G2/E2*1000 -> 52.660034 | K2: 82
A3: Education | B3: January | C3: Image | D3: 16669 | E3: 25788 | F3: 812 | G3: 2490.35 | H3: =F3/E3*100 -> 3.1487514 | I3: =G3/F3 -> 3.0669335 | J3: =G3/E3*1000 -> 96.57011 | K3: 46
A4: Education | B4: January | C4: Image | D4: 17064 | E4: 22371 | F4: 1013 | G4: 2071.11 | H4: =F4/E4*100 -> 4.5281838 | I4: =G4/F4 -> 2.0445311 | J4: =G4/E4*1000 -> 92.580126 | K4: 113
A5: Education | B5: January | C5: Image | D5: 19145 | E5: 26764 | F5: 1057 | G5: 1575.86 | H5: =F5/E5*100 -> 3.9493349 | I5: =G5/F5 -> 1.4908798 | J5: =G5/E5*1000 -> 58.879839 | K5: 48
A6: Education | B6: January | C6: Image | D6: 19169 | E6: 33716 | F6: 970 | G6: 2674.69 | H6: =F6/E6*100 -> 2.8769724 | I6: =G6/F6 -> 2.7574124 | J6: =G6/E6*1000 -> 79.329992 | K6: 72
A7: Education | B7: January | C7: Carousel | D7: 20302 | E7: 30763 | F7: 627 | G7: 1960.83 | H7: =F7/E7*100 -> 2.0381627 | I7: =G7/F7 -> 3.1273206 | J7: =G7/E7*1000 -> 63.739882 | K7: 61
A8: Education | B8: January | C8: Image | D8: 15123 | E8: 22250 | F8: 1033 | G8: 1243.55 | H8: =F8/E8*100 -> 4.6426966 | I8: =G8/F8 -> 1.2038238 | J8: =G8/E8*1000 -> 55.889888 | K8: 85
A9: Education | B9: January | C9: Image | D9: 19830 | E9: 30094 | F9: 731 | G9: 2217.33 | H9: =F9/E9*100 -> 2.4290556 | I9: =G9/F9 -> 3.0332832 | J9: =G9/E9*1000 -> 73.680136 | K9: 72
A10: Education | B10: January | C10: Image | D10: 16201 | E10: 33544 | F10: 941 | G10: 1870.41 | H10: =F10/E10*100 -> 2.8052707 | I10: =G10/F10 -> 1.9876833 | J10: =G10/E10*1000 -> 55.759897 | K10: 39
A11: Education | B11: January | C11: Image | D11: 10927 | E11: 30840 | F11: 918 | G11: 2315.47 | H11: =F11/E11*100 -> 2.9766537 | I11: =G11/F11 -> 2.5222985 | J11: =G11/E11*1000 -> 75.080091 | K11: 89
A12: Education | B12: January | C12: Carousel | D12: 9743 | E12: 33154 | F12: 838 | G12: 3112.17 | H12: =F12/E12*100 -> 2.5275985 | I12: =G12/F12 -> 3.7138067 | J12: =G12/E12*1000 -> 93.870121 | K12: 38
A13: Education | B13: January | C13: Image | D13: 12889 | E13: 33390 | F13: 994 | G13: 2135.62 | H13: =F13/E13*100 -> 2.9769392 | I13: =G13/F13 -> 2.1485111 | J13: =G13/E13*1000 -> 63.959868 | K13: 80
... A353: Food & Restaurant | B353: April | C353: Video | D353: 14052 | E353: 36479 | F353: 888 | G353: 2456.86 | H353: =F353/E353*100 -> 2.4342773 | I353: =G353/F353 -> 2.7667342 | J353: =G353/E353*1000 -> 67.349982 | K353: 102

Sheet Objective 1 Analysis
A1: Metric | B1: Mean | C1: Minimum | D1: Maximum
A2: Reach | B2: =AVERAGE(Sheet1!D2:D353) -> 15692.102 | C2: =MIN(Sheet1!D2:D353) -> 5635 | D2: =MAX(Sheet1!D2:D353) -> 24999
A3: Impressions | B3: =AVERAGE(Sheet1!E2:E353) -> 29132.062 | C3: =MIN(Sheet1!E2:E353) -> 13029 | D3: =MAX(Sheet1!E2:E353) -> 44621
A4: Clicks | B4: =AVERAGE(Sheet1!F2:F353) -> 735.44034 | C4: =MIN(Sheet1!F2:F353) -> 165 | D4: =MAX(Sheet1!F2:F353) -> 1970
A5: Amount Spent | B5: =AVERAGE(Sheet1!G2:G353) -> 2733.0369 | C5: =MIN(Sheet1!G2:G353) -> 664.74 | D5: =MAX(Sheet1!G2:G353) -> 7737.24
A6: CTR | B6: =AVERAGE(Sheet1!H2:H353) -> 2.6303455 | C6: =MIN(Sheet1!H2:H353) -> 0.50910213 | D6: =MAX(Sheet1!H2:H353) -> 9.3665641
A7: CPC | B7: =AVERAGE(Sheet1!I2:I353) -> 6.2455751 | C7: =MIN(Sheet1!I2:I353) -> 0.46935974 | D7: =MAX(Sheet1!I2:I353) -> 40.985119
A8: CPM | B8: =AVERAGE(Sheet1!J2:J353) -> 96.540539 | C8: =MIN(Sheet1!J2:J353) -> 25.020009 | D8: =MAX(Sheet1!J2:J353) -> 249.7702
A9: Conversions | B9: =AVERAGE(Sheet1!K2:K353) -> 50.715909 | C9: =MIN(Sheet1!K2:K353) -> 0 | D9: =MAX(Sheet1!K2:K353) -> 209

Sheet Objective 2 CTR
A3: Row Labels | B3: Average of CTR (%)
A4: Automobile | B4: 1.5240964
A5: Education | B5: 3.4447826
A6: Food & Restaurant | B6: 3.7695146
A7: Real Estate | B7: 1.2727027

Sheet Objective 2 Conversions
A3: Row Labels | B3: Average of Conversions
A4: Automobile | B4: 28.963855
A5: Education | B5: 59.26087
A6: Food & Restaurant | B6: 82.572816
A7: Real Estate | B7: 20.148649

Sheet Objective 3 CTR
A3: Row Labels | B3: Average of CTR (%)
A4: Carousel | B4: 2.8692708
A5: Image | B5: 2.8046809
A6: Video | B6: 2.3874691

Sheet Objective 3 Conversions
A3: Row Labels | B3: Average of Conversions
A4: Carousel | B4: 56.125
A5: Image | B5: 55.531915
A6: Video | B6: 44.716049
